system,iteration count,name,executions,total (μs),arithMean (μs),geoMean (μs),min (μs),max (μs),ops/s,μs/op
mysql,5000,(once) initialize,1,42422,42332,42332,42332,42332,23,42422
mysql,5000,(loop) insert_employee,5000,19047818,51350,39739,3964,15682736,262,3809
mysql,5000,(loop) select_before_index,5000,7536178,14556,11112,2010,151739,663,1507
mysql,5000,(once) clear_cache,1,39721,39720,39720,39720,39720,25,39721
mysql,5000,(loop) select_after_index,5000,1328807,2856,2218,685,386766,3762,265
mysql,5000,(once) clean,1,15705,15703,15703,15703,15703,63,15705
