system,iteration count,name,executions,total (μs),arithMean (μs),geoMean (μs),min (μs),max (μs),ops/s,μs/op
mysql,50,(once) initialize,1,37165,37158,37158,37158,37158,26,37165
mysql,50,(loop) insert_employee,50,124902,24083,14516,3110,109544,400,2498
mysql,50,(loop) select_before_index,50,29478,6089,3263,900,26349,1696,589
mysql,50,(once) clear_cache,1,23039,23037,23037,23037,23037,43,23039
mysql,50,(loop) select_after_index,50,30375,5729,3480,1008,25575,1646,607
mysql,50,(once) clean,1,16216,16210,16210,16210,16210,61,16216
