system,iteration count,name,executions,total (μs),arithMean (μs),geoMean (μs),min (μs),max (μs),ops/s,μs/op
mysql,1000,(once) initialize,1,45555,45549,45549,45549,45549,21,45555
mysql,1000,(loop) insert_employee,1000,1784634,23339,17680,3741,1042324,560,1784
mysql,1000,(loop) select_before_index,1000,564840,5974,4334,932,105984,1770,564
mysql,1000,(once) clear_cache,1,27749,27748,27748,27748,27748,36,27749
mysql,1000,(loop) select_after_index,1000,249438,2941,2262,740,77892,4009,249
mysql,1000,(once) clean,1,14331,14329,14329,14329,14329,69,14331
