system,iteration count,name,executions,total (μs),arithMean (μs),geoMean (μs),min (μs),max (μs),ops/s,μs/op
mysql,10,(once) initialize,1,35287,35280,35280,35280,35280,28,35287
mysql,10,(loop) insert_employee,10,20225,15686,15901,5217,19858,494,2022
mysql,10,(loop) select_before_index,10,14441,9966,9960,4890,13962,692,1444
mysql,10,(once) clear_cache,1,23771,23769,23769,23769,23769,42,23771
mysql,10,(loop) select_after_index,10,8882,6552,6876,4503,8781,1125,888
mysql,10,(once) clean,1,14255,14253,14253,14253,14253,70,14255
