system,iteration count,name,executions,total (μs),arithMean (μs),geoMean (μs),min (μs),max (μs),ops/s,μs/op
neo4j,1000,(once) initialize,1,96649,96641,96641,96641,96641,10,96649
neo4j,1000,(loop) insert_employee,1000,23055228,335174,311873,47725,1045789,43,23055
neo4j,1000,(loop) select_before_index,1000,3899143,56051,50019,10097,307668,256,3899
neo4j,1000,(once) clear_cache,1,89879,89876,89876,89876,89876,11,89879
neo4j,1000,(loop) select_after_index,1000,3578303,51374,47304,10140,183235,279,3578
neo4j,1000,(once) clean,1,201717,201715,201715,201715,201715,4,201717
