system,iteration count,name,executions,total (μs),arithMean (μs),geoMean (μs),min (μs),max (μs),ops/s,μs/op
neo4j,50,(once) initialize,1,97782,97772,97772,97772,97772,10,97782
neo4j,50,(loop) insert_employee,50,2824425,685824,587153,85192,1169361,17,56488
neo4j,50,(loop) select_before_index,50,471857,108875,84442,18761,288027,105,9437
neo4j,50,(once) clear_cache,1,73472,73470,73470,73470,73470,13,73472
neo4j,50,(loop) select_after_index,50,365336,79994,69251,16953,180453,136,7306
neo4j,50,(once) clean,1,86754,86752,86752,86752,86752,11,86754
