system,iteration count,name,executions,total (μs),arithMean (μs),geoMean (μs),min (μs),max (μs),ops/s,μs/op
postgres,1000,(once) initialize,1,9547,9541,9541,9541,9541,104,9547
postgres,1000,(loop) insert_employee,1000,681500,8460,4895,1363,85890,1467,681
postgres,1000,(loop) select_before_index,1000,394063,4423,3200,888,82556,2537,394
postgres,1000,(once) clear_cache,1,4110,4108,4108,4108,4108,243,4110
postgres,1000,(loop) select_after_index,1000,473814,5356,3622,936,115108,2110,473
postgres,1000,(once) clean,1,3646,3637,3637,3637,3637,274,3646
