system,iteration count,name,executions,total (μs),arithMean (μs),geoMean (μs),min (μs),max (μs),ops/s,μs/op
postgres,10000,(once) initialize,1,21769,21764,21764,21764,21764,45,21769
postgres,10000,(loop) insert_employee,10000,8705995,12587,8735,1498,106148,1148,870
postgres,10000,(loop) select_before_index,10000,14839649,15147,11086,1868,428313,673,1483
postgres,10000,(once) clear_cache,1,9435,9433,9433,9433,9433,105,9435
postgres,10000,(loop) select_after_index,10000,3850564,4479,2969,823,457953,2597,385
postgres,10000,(once) clean,1,4632,4630,4630,4630,4630,215,4632
