system,iteration count,name,executions,total (μs),arithMean (μs),geoMean (μs),min (μs),max (μs),ops/s,μs/op
postgres,100,(once) initialize,1,12323,12316,12316,12316,12316,81,12323
postgres,100,(loop) insert_employee,100,107298,10324,5009,1272,78819,931,1072
postgres,100,(loop) select_before_index,100,102548,10318,4170,1081,77942,975,1025
postgres,100,(once) clear_cache,1,8283,8281,8281,8281,8281,120,8283
postgres,100,(loop) select_after_index,100,97213,10326,3870,1163,82204,1028,972
postgres,100,(once) clean,1,4109,4107,4107,4107,4107,243,4109
