system,iteration count,name,executions,total (μs),arithMean (μs),geoMean (μs),min (μs),max (μs),ops/s,μs/op
postgres,10,(once) initialize,1,11468,11461,11461,11461,11461,87,11468
postgres,10,(loop) insert_employee,10,33856,22837,21741,4379,33311,295,3385
postgres,10,(loop) select_before_index,10,23955,17424,14796,2556,23634,417,2395
postgres,10,(once) clear_cache,1,4517,4515,4515,4515,4515,221,4517
postgres,10,(loop) select_after_index,10,24674,16076,13256,2004,24613,405,2467
postgres,10,(once) clean,1,2238,2236,2236,2236,2236,446,2238
