system,multiplicity,name,executions,total (μs),arithMean (μs),geoMean (μs),min (μs),max (μs),ops/s,μs/op
mysql,10000,(once) initialize,1,34834,34830,34830,34830,34830,28,34834
mysql,10000,(loop) insert_employee,10000,37136148,54763,48157,3665,400445,269,3713
mysql,10000,(loop) select_before_index,10000,36033265,36266,27502,3621,401810,277,3603
mysql,10000,(once) clear_cache,1,43908,43906,43906,43906,43906,22,43908
mysql,10000,(loop) select_after_index,10000,2652764,2890,2295,691,803006,3769,265
mysql,10000,(once) clean,1,18692,18691,18691,18691,18691,53,18692
