system,multiplicity,name,executions,total (μs),arithMean (μs),geoMean (μs),min (μs),max (μs),ops/s,μs/op
mysql,500,(once) initialize,1,39421,39414,39414,39414,39414,25,39421
mysql,500,(loop) insert_employee,500,652168,16871,14090,3207,142945,766,1304
mysql,500,(loop) select_before_index,500,204021,4690,3305,981,60900,2450,408
mysql,500,(once) clear_cache,1,24450,24448,24448,24448,24448,40,24450
mysql,500,(loop) select_after_index,500,142447,3508,2568,880,51082,3510,284
mysql,500,(once) clean,1,12063,12062,12062,12062,12062,82,12063
