system,multiplicity,name,executions,total (μs),arithMean (μs),geoMean (μs),min (μs),max (μs),ops/s,μs/op
mysql,100,(once) initialize,1,45331,45322,45322,45322,45322,22,45331
mysql,100,(loop) insert_employee,100,241276,23649,13972,3105,166111,414,2412
mysql,100,(loop) select_before_index,100,62367,6982,3311,941,54332,1603,623
mysql,100,(once) clear_cache,1,25165,25163,25163,25163,25163,39,25165
mysql,100,(loop) select_after_index,100,51990,4495,3057,1184,29481,1923,519
mysql,100,(once) clean,1,42398,42396,42396,42396,42396,23,42398
