system,multiplicity,name,executions,total (μs),arithMean (μs),geoMean (μs),min (μs),max (μs),ops/s,μs/op
neo4j,5000,(once) initialize,1,111531,111521,111521,111521,111521,8,111531
neo4j,5000,(loop) insert_employee,5000,100414389,298514,283958,49391,1064449,49,20082
neo4j,5000,(loop) select_before_index,5000,22450105,66639,60945,10984,600987,222,4490
neo4j,5000,(once) clear_cache,1,101579,101577,101577,101577,101577,9,101579
neo4j,5000,(loop) select_after_index,5000,21874188,64765,60413,10683,209759,228,4374
neo4j,5000,(once) clean,1,552112,552110,552110,552110,552110,1,552112
