system,multiplicity,name,executions,total (μs),arithMean (μs),geoMean (μs),min (μs),max (μs),ops/s,μs/op
neo4j,10000,(once) initialize,1,98563,98559,98559,98559,98559,10,98563
neo4j,10000,(loop) insert_employee,10000,213508296,318526,305297,59305,1281072,46,21350
neo4j,10000,(loop) select_before_index,10000,54794782,81579,75091,12632,658813,182,5479
neo4j,10000,(once) clear_cache,1,117689,117686,117686,117686,117686,8,117689
neo4j,10000,(loop) select_after_index,10000,43381193,64593,60135,12134,270383,230,4338
neo4j,10000,(once) clean,1,914269,914267,914267,914267,914267,1,914269
