system,multiplicity,name,executions,total (μs),arithMean (μs),geoMean (μs),min (μs),max (μs),ops/s,μs/op
neo4j,100,(once) initialize,1,104298,104290,104290,104290,104290,9,104298
neo4j,100,(loop) insert_employee,100,5048460,616884,535952,72352,1130956,19,50484
neo4j,100,(loop) select_before_index,100,883062,99406,82091,17130,291291,113,8830
neo4j,100,(once) clear_cache,1,99444,99441,99441,99441,99441,10,99444
neo4j,100,(loop) select_after_index,100,704295,80300,70947,16588,207959,141,7042
neo4j,100,(once) clean,1,117266,117264,117264,117264,117264,8,117266
