system,multiplicity,name,executions,total (μs),arithMean (μs),geoMean (μs),min (μs),max (μs),ops/s,μs/op
neo4j,10,(once) initialize,1,114637,114630,114630,114630,114630,8,114637
neo4j,10,(loop) insert_employee,10,1003854,988942,1059878,973576,1003494,9,100385
neo4j,10,(loop) select_before_index,10,249146,245862,263492,240967,249014,40,24914
neo4j,10,(once) clear_cache,1,86905,86902,86902,86902,86902,11,86905
neo4j,10,(loop) select_after_index,10,154519,123613,131079,102238,154449,64,15451
neo4j,10,(once) clean,1,79371,79369,79369,79369,79369,12,79371
