system,multiplicity,name,executions,total (μs),arithMean (μs),geoMean (μs),min (μs),max (μs),ops/s,μs/op
neo4j,500,(once) initialize,1,127605,127599,127599,127599,127599,7,127605
neo4j,500,(loop) insert_employee,500,14391547,420993,395111,57843,1080641,34,28783
neo4j,500,(loop) select_before_index,500,2596276,75024,68302,13457,278509,192,5192
neo4j,500,(once) clear_cache,1,82717,82715,82715,82715,82715,12,82717
neo4j,500,(loop) select_after_index,500,2055015,59108,54967,10731,133887,243,4110
neo4j,500,(once) clean,1,159271,159269,159269,159269,159269,6,159271
