system,multiplicity,name,executions,total (μs),arithMean (μs),geoMean (μs),min (μs),max (μs),ops/s,μs/op
postgres,50,(once) initialize,1,11248,11241,11241,11241,11241,88,11248
postgres,50,(loop) insert_employee,50,57959,12851,5852,1479,54018,862,1159
postgres,50,(loop) select_before_index,50,47432,9830,3530,804,44845,1054,948
postgres,50,(once) clear_cache,1,3821,3820,3820,3820,3820,261,3821
postgres,50,(loop) select_after_index,50,45982,9275,3982,966,43325,1087,919
postgres,50,(once) clean,1,3109,3107,3107,3107,3107,321,3109
