system,multiplicity,name,executions,total (μs),arithMean (μs),geoMean (μs),min (μs),max (μs),ops/s,μs/op
postgres,500,(once) initialize,1,9431,9425,9425,9425,9425,106,9431
postgres,500,(loop) insert_employee,500,314839,7771,4809,1014,64787,1588,629
postgres,500,(loop) select_before_index,500,232898,5161,2993,717,67408,2146,465
postgres,500,(once) clear_cache,1,3660,3658,3658,3658,3658,273,3660
postgres,500,(loop) select_after_index,500,225794,5523,3195,877,67654,2214,451
postgres,500,(once) clean,1,2985,2983,2983,2983,2983,334,2985
