system,multiplicity,name,executions,total (μs),arithMean (μs),geoMean (μs),min (μs),max (μs),ops/s,μs/op
postgres,5000,(once) initialize,1,15197,15189,15189,15189,15189,65,15197
postgres,5000,(loop) insert_employee,5000,3490175,9870,6437,1423,103550,1432,698
postgres,5000,(loop) select_before_index,5000,4100587,8368,6575,1285,110955,1219,820
postgres,5000,(once) clear_cache,1,8319,8318,8318,8318,8318,120,8319
postgres,5000,(loop) select_after_index,5000,4397227,9103,6908,1394,122667,1137,879
postgres,5000,(once) clean,1,4313,4311,4311,4311,4311,231,4313
